City_ID,City,Country,Lat,Lng,Max Temp,Humidity,Cloudiness,Wind Speed,Current Description
0,Udachnyy,RU,66.4167,112.4,34.45,46,100,6.31,overcast clouds
1,Cape Town,ZA,-33.9258,18.4232,62.91,88,75,13.8,broken clouds
2,Hilo,US,19.7297,-155.09,84.27,75,75,8.05,broken clouds
3,Albany,US,42.6001,-73.9662,50.58,24,15,11.01,few clouds
4,Garmsar,IR,35.2182,52.3409,75.56,22,97,4.9,overcast clouds
5,Kapaa,US,22.0752,-159.319,80.58,84,75,13.8,light rain
6,Dikson,RU,73.5069,80.5464,6.87,91,73,19.08,broken clouds
7,Pak Chong,TH,14.708,101.4161,75.81,81,96,3.51,light rain
8,Qaqortoq,GL,60.7167,-46.0333,37.44,89,100,1.45,overcast clouds
9,Ylivieska,FI,64.0833,24.55,28.31,87,22,3.58,few clouds
10,Muktsar,IN,30.4833,74.5167,85.23,16,7,7.54,clear sky
11,Port Alfred,ZA,-33.5906,26.891,67.05,51,10,10.85,clear sky
12,Arraial Do Cabo,BR,-22.9661,-42.0278,80.46,69,0,11.5,clear sky
13,Meadville,US,41.6414,-80.1515,49.57,33,0,10.36,clear sky
14,Bluff,NZ,-46.6,168.3333,55.8,80,42,7.45,scattered clouds
15,Fallon,US,39.4735,-118.7774,64.27,14,40,18.41,scattered clouds
16,Santa Barbara,US,34.7333,-120.0343,71.29,44,0,11.5,clear sky
17,Tasiilaq,GL,65.6145,-37.6368,32.16,87,6,5.5,clear sky
18,Lagoa,PT,39.05,-27.9833,60.96,93,100,16.62,overcast clouds
19,Jalu,LY,29.0331,21.5482,82.04,10,60,4.83,broken clouds
20,Wanning,CN,18.8003,110.3967,79.36,92,99,2.24,overcast clouds
21,Bethel,US,41.3712,-73.414,53.96,29,0,19.57,clear sky
22,Muravlenko,RU,63.7898,74.523,27.48,97,100,10.83,light snow
23,Nome,US,64.5011,-165.4064,37.47,81,75,14.97,broken clouds
24,Chuy,UY,-33.6971,-53.4616,54.91,65,0,12.1,clear sky
25,Barrow,US,71.2906,-156.7887,8.62,78,100,23.02,light snow
26,Ekhabi,RU,53.5102,142.9671,30.51,96,100,20.36,light snow
27,Vaini,TO,-21.2,-175.2,78.96,69,40,12.66,scattered clouds
28,Kamarion,GR,36.8,25.8167,64.74,85,5,17.27,clear sky
29,Grindavik,IS,63.8424,-22.4338,48.15,93,75,11.5,broken clouds
30,Acarau,BR,-2.8856,-40.12,77.77,88,67,8.97,broken clouds
31,Kavieng,PG,-2.5744,150.7967,84.78,68,100,9.57,overcast clouds
32,Bonavista,CA,48.6499,-53.1147,37.13,90,100,8.66,overcast clouds
33,Sao Joao Da Barra,BR,-21.6403,-41.0511,76.6,87,8,12.35,clear sky
34,Waddan,LY,29.1614,16.139,66.56,51,0,13.73,clear sky
35,Mataura,NZ,-46.1927,168.8643,55.47,79,13,1.07,few clouds
36,Tuatapere,NZ,-46.1333,167.6833,53.6,76,35,3.71,scattered clouds
37,Kamenice Nad Lipou,CZ,49.303,15.0752,40.21,84,23,2.55,few clouds
38,Port Hedland,AU,-20.3167,118.5667,69.85,94,75,9.22,light rain
39,Ushuaia,AR,-54.8,-68.3,40.66,60,40,26.46,scattered clouds
40,Saint-Joseph,RE,-21.3667,55.6167,73.78,80,16,4.68,few clouds
41,Sept-Iles,CA,50.2001,-66.3821,38.05,70,100,17.27,overcast clouds
42,Bundaberg,AU,-24.85,152.35,74.21,86,30,8.05,scattered clouds
43,Hermanus,ZA,-34.4187,19.2345,53.8,89,98,4.23,overcast clouds
44,Leningradskiy,RU,69.3833,178.4167,22.66,90,100,2.33,overcast clouds
45,Ponta Do Sol,PT,32.6667,-17.1,65.71,81,96,3.13,overcast clouds
46,Lebu,CL,-37.6167,-73.65,51.76,76,5,16.31,clear sky
47,Tuktoyaktuk,CA,69.4541,-133.0374,10.4,79,100,11.5,light snow
48,San Patricio,US,28.017,-97.5169,84.92,63,20,18.66,few clouds
49,Cayenne,GF,4.9333,-52.3333,82.09,1,40,7.0,scattered clouds
50,Noyabrsk,RU,63.1994,75.4507,32.38,99,100,3.69,overcast clouds
51,Constitucion,CL,-35.3333,-72.4167,52.39,66,0,8.93,clear sky
52,Puerto Barrios,GT,15.7167,-88.6,84.34,74,40,6.91,scattered clouds
53,Chokurdakh,RU,70.6333,147.9167,2.91,94,95,3.74,overcast clouds
54,Talnakh,RU,69.4865,88.3972,8.73,88,100,2.17,overcast clouds
55,Ahipara,NZ,-35.1667,173.1667,65.57,64,3,9.17,clear sky
56,Goderich,CA,43.7501,-81.7165,39.9,52,3,14.97,clear sky
57,Narsaq,GL,60.9167,-46.05,48.42,78,100,2.28,overcast clouds
58,Gisborne,NZ,-38.6533,178.0042,56.8,76,100,3.96,overcast clouds
59,Goure,NE,13.9835,10.2704,82.62,16,66,4.32,broken clouds
60,Luganville,VU,-15.5333,167.1667,81.18,84,99,5.08,overcast clouds
61,Havoysund,NO,70.9963,24.6622,25.03,68,100,21.43,light snow
62,Hailar,CN,49.2,119.7,37.94,74,100,7.07,overcast clouds
63,Oskarshamn,SE,57.2645,16.4484,34.99,63,63,6.31,broken clouds
64,Te Anau,NZ,-45.4167,167.7167,52.93,78,74,1.54,broken clouds
65,Galveston,US,29.3669,-94.9669,81.18,75,40,13.8,scattered clouds
66,Butaritari,KI,3.0707,172.7902,81.9,79,99,16.02,overcast clouds
67,Kaitangata,NZ,-46.2817,169.8464,52.27,76,9,1.45,clear sky
68,Puerto Leguizamo,CO,-0.1934,-74.7819,74.12,97,93,2.8,overcast clouds
69,Bengkulu,ID,-3.8004,102.2655,77.09,84,100,4.12,overcast clouds
70,Hurghada,EG,27.2574,33.8129,77.04,12,0,8.05,clear sky
71,Jamestown,US,42.097,-79.2353,46.02,38,0,10.36,clear sky
72,Yarada,IN,17.65,83.2667,82.29,78,19,8.21,few clouds
73,Borogontsy,RU,62.6683,131.1683,24.73,79,69,4.59,broken clouds
74,Iralaya,HN,15.0,-83.2333,78.85,82,8,10.16,clear sky
75,Veraval,IN,20.9,70.3667,81.77,75,0,9.98,clear sky
76,Airai,TL,-8.9266,125.4092,61.23,77,85,2.55,overcast clouds
77,Maputo,MZ,-25.9653,32.5892,67.23,86,0,1.14,clear sky
78,Viedma,AR,-40.8135,-62.9967,46.15,45,27,9.37,scattered clouds
79,Sao Filipe,CV,14.8961,-24.4956,71.64,71,3,6.87,clear sky
80,San Pedro,PH,14.35,121.0167,83.43,77,20,5.75,few clouds
81,La Ronge,CA,55.1001,-105.2842,52.05,46,40,10.36,scattered clouds
82,Busselton,AU,-33.65,115.3333,53.98,80,33,5.61,scattered clouds
83,Kisangani,CD,0.5167,25.2,69.89,100,100,2.91,moderate rain
84,Suluq,LY,31.6682,20.2521,72.59,26,11,23.33,few clouds
85,Troitskoye,RU,52.9821,84.6757,49.17,57,30,6.6,scattered clouds
86,Yellowknife,CA,62.456,-114.3525,37.92,52,20,20.71,few clouds
87,Dongsheng,CN,39.8161,109.9776,48.24,54,99,10.89,overcast clouds
88,Porgera,PG,-5.4667,143.2,49.17,91,100,1.43,overcast clouds
89,Rameswaram,IN,9.2833,79.3,86.0,74,99,13.06,overcast clouds
90,Tobermory,CA,45.2501,-81.6665,36.48,66,0,11.88,clear sky
91,Slave Lake,CA,55.2834,-114.769,37.38,93,75,2.3,broken clouds
92,Zeya,RU,53.75,127.2667,37.94,27,19,9.89,few clouds
93,East London,ZA,-33.0153,27.9116,65.91,47,3,7.52,clear sky
94,Cap-Aux-Meules,CA,47.3821,-61.8597,35.65,93,100,18.41,fog
95,Uyemskiy,RU,64.4743,40.8524,30.25,46,0,4.47,clear sky
96,Atar,MR,20.5169,-13.0499,79.32,14,35,6.44,scattered clouds
97,Hobart,AU,-42.8794,147.3294,59.27,91,20,8.05,few clouds
98,Anloga,GH,5.7947,0.8973,80.13,73,72,1.63,broken clouds
99,Quatre Cocos,MU,-20.2078,57.7625,74.08,81,3,6.29,clear sky
100,Hithadhoo,MV,-0.6,73.0833,84.81,69,81,7.63,broken clouds
101,Esperance,AU,-33.8667,121.9,51.64,71,83,10.74,broken clouds
102,Bredasdorp,ZA,-34.5322,20.0403,56.61,94,64,4.29,broken clouds
103,Bambous Virieux,MU,-20.3428,57.7575,74.21,94,20,6.91,few clouds
104,Puerto Ayora,EC,-0.7393,-90.3518,78.76,80,11,8.84,few clouds
105,Saint-Philippe,RE,-21.3585,55.7679,74.79,81,28,8.95,scattered clouds
106,Ostrovnoy,RU,68.0531,39.5131,19.47,77,100,22.48,overcast clouds
107,Estelle,US,29.8458,-90.1067,81.0,37,75,6.91,broken clouds
108,Qaanaaq,GL,77.484,-69.3632,27.27,95,99,5.75,light snow
109,Sergeyevka,KZ,53.88,67.4158,59.34,51,99,12.46,overcast clouds
110,Torbay,CA,47.6666,-52.7314,40.75,93,100,8.05,fog
111,Hobyo,SO,5.3505,48.5268,83.25,76,4,10.36,clear sky
112,Bagotville,AU,-28.9833,153.4167,69.62,99,72,0.96,broken clouds
113,Faanui,PF,-16.4833,-151.75,82.08,70,6,22.75,clear sky
114,Provideniya,RU,64.3833,-173.3,32.11,74,75,20.13,light shower snow
115,Victoria,HK,22.2855,114.1577,79.25,88,28,1.01,scattered clouds
116,Mount Isa,AU,-20.7333,139.5,80.37,61,34,9.22,scattered clouds
117,Marawi,PH,7.9986,124.2928,71.58,89,99,0.65,overcast clouds
118,Punta Arenas,CL,-53.15,-70.9167,42.91,75,40,25.32,scattered clouds
119,Waingapu,ID,-9.6567,120.2641,77.02,81,68,3.67,broken clouds
120,Gogrial,SS,8.5332,28.1004,82.67,56,100,7.45,overcast clouds
121,Abha,SA,18.2164,42.5053,60.62,67,0,6.91,clear sky
122,Ati,TD,13.2154,18.3353,85.48,46,68,9.73,broken clouds
123,Polyarnyy,RU,69.1989,33.4478,21.92,64,100,21.32,overcast clouds
124,Luderitz,NA,-26.6481,15.1594,61.81,67,23,8.81,few clouds
125,Longonjo,AO,-12.9067,15.2533,66.52,78,100,3.8,overcast clouds
126,Makubetsu,JP,45.3714,141.8211,43.66,59,15,12.5,few clouds
127,Sulina,RO,45.1559,29.6536,55.17,76,80,8.41,broken clouds
128,Pangnirtung,CA,66.1451,-65.7125,17.6,79,100,23.02,light snow
129,Upernavik,GL,72.7868,-56.1549,14.85,89,51,4.09,broken clouds
130,Kilindoni,TZ,-7.9139,39.6668,79.07,81,94,13.49,moderate rain
131,Georgetown,MY,5.4112,100.3354,78.75,94,20,3.44,few clouds
132,New Norfolk,AU,-42.7826,147.0587,60.3,86,3,3.69,clear sky
133,Avera,US,33.194,-82.5271,78.55,48,5,6.31,clear sky
134,Genhe,CN,50.7833,121.5167,32.7,91,100,3.36,snow
135,Castro,BR,-24.7911,-50.0119,63.73,91,62,4.23,broken clouds
136,Kodiak,US,57.79,-152.4072,42.26,69,94,14.32,overcast clouds
137,Nikolskoye,RU,59.7035,30.7861,37.71,61,100,8.43,overcast clouds
138,Bayshore Gardens,US,27.4253,-82.5904,83.1,73,0,16.11,clear sky
139,Sabha,LY,27.0377,14.4283,75.6,21,0,9.73,clear sky
140,Nakamura,JP,32.9833,132.9333,66.9,100,100,7.27,light rain
141,Blumberg,DE,47.8406,8.5333,46.9,79,5,4.76,clear sky
142,Palu,ID,-0.8917,119.8707,76.41,95,100,3.42,overcast clouds
143,Bandarbeyla,SO,9.4942,50.8122,82.87,78,21,4.74,few clouds
144,Rikitea,PF,-23.1203,-134.9692,77.23,64,25,18.48,scattered clouds
145,Pontal Do Parana,BR,-25.6533,-48.5128,75.11,81,74,5.12,broken clouds
146,Puerto Maldonado,PE,-12.6,-69.1833,81.28,71,100,0.96,overcast clouds
147,Port Macquarie,AU,-31.4333,152.9167,70.9,77,23,7.54,few clouds
148,Ribeira Grande,PT,38.5167,-28.7,63.0,100,75,14.97,light intensity drizzle rain
149,Severomuysk,RU,56.1481,113.4267,13.86,93,60,3.2,broken clouds
150,Bonthe,SL,7.5264,-12.505,80.64,84,75,3.78,broken clouds
151,Atuona,PF,-9.8,-139.0333,78.87,77,66,19.69,light rain
152,Changping,CN,40.2186,116.2197,49.64,70,41,0.74,scattered clouds
153,Trincomalee,LK,8.5711,81.2335,80.47,83,63,7.67,broken clouds
154,Raga,SS,8.4596,25.678,79.61,59,100,5.79,overcast clouds
155,Kihei,US,20.785,-156.4656,87.82,45,40,18.41,light rain
156,Morondava,MG,-20.2833,44.2833,73.13,63,0,11.07,clear sky
157,Zhezkazgan,KZ,47.8043,67.7144,54.88,38,95,9.35,overcast clouds
158,Cobadin,RO,44.0833,28.2167,56.32,85,78,5.08,broken clouds
159,Komsomolskiy,UZ,40.4272,71.7189,63.32,63,97,9.22,overcast clouds
160,Umm Kaddadah,SD,13.6017,26.6876,84.58,10,98,7.43,overcast clouds
161,Aripuana,BR,-9.1667,-60.6333,77.86,77,100,1.01,overcast clouds
162,Geraldton,AU,-28.7667,114.6,52.21,93,0,8.05,clear sky
163,Basoko,CD,1.2391,23.616,71.38,95,100,1.61,light rain
164,Monrovia,LR,6.3005,-10.7969,79.77,81,64,5.23,moderate rain
165,Salinas,US,36.6777,-121.6555,70.02,55,0,19.57,clear sky
166,Kempele,FI,64.9131,25.5034,26.62,74,0,3.44,clear sky
167,Jining,CN,35.405,116.5814,47.59,85,1,5.26,clear sky
168,Vao,NC,-22.6667,167.4833,73.45,76,100,24.61,overcast clouds
169,Sola,VU,-13.8833,167.55,81.09,74,100,4.59,overcast clouds
170,Kostino,RU,58.9097,53.2691,24.39,94,89,3.71,overcast clouds
171,Ahuimanu,US,21.4447,-157.8378,83.91,63,20,13.8,few clouds
172,Cidreira,BR,-30.1811,-50.2056,66.27,88,99,11.07,overcast clouds
173,Volksrust,ZA,-27.3654,29.8818,44.69,69,0,3.49,clear sky
174,Iqaluit,CA,63.7506,-68.5145,13.73,57,75,8.05,broken clouds
175,Andros Town,BS,24.7,-77.7667,78.76,60,4,8.93,clear sky
176,Nuuk,GL,64.1835,-51.7216,36.21,93,100,31.07,light rain and snow
177,Fortuna,US,40.5982,-124.1573,58.86,62,0,13.8,clear sky
178,Aykhal,RU,66.0,111.5,28.8,86,100,8.46,overcast clouds
179,Cabo San Lucas,MX,22.8909,-109.9124,88.9,26,0,8.05,clear sky
180,Mahajanga,MG,-15.7167,46.3167,76.01,77,71,11.5,broken clouds
181,Odienne,CI,9.51,-7.5692,75.69,80,100,4.74,overcast clouds
182,Carnarvon,AU,-24.8667,113.6333,59.07,82,0,11.5,clear sky
183,Sorland,NO,67.667,12.6934,35.06,60,100,16.26,light snow
184,Kavaratti,IN,10.5669,72.642,84.27,76,86,5.44,overcast clouds
185,Sao Miguel Do Araguaia,BR,-13.275,-50.1628,76.24,59,3,3.78,clear sky
186,Watsa,CD,3.0372,29.5355,63.16,97,100,2.66,overcast clouds
187,Atoka,US,34.4001,-96.0169,76.69,81,98,14.58,overcast clouds
188,Dolneni,MK,41.4253,21.4547,50.67,75,100,3.83,overcast clouds
189,Sharan,RU,54.8167,54.0,35.35,79,20,5.88,few clouds
190,Thompson,CA,55.7435,-97.8558,48.36,43,100,8.05,overcast clouds
191,Hasaki,JP,35.7333,140.8333,59.29,73,90,12.53,overcast clouds
192,Bulgan,MN,48.8125,103.5347,31.62,40,34,1.77,scattered clouds
193,Phalaborwa,ZA,-23.943,31.1411,61.88,55,0,2.44,clear sky
194,San Policarpo,PH,12.1791,125.5072,81.43,81,99,9.46,overcast clouds
195,Nichinan,JP,31.6,131.3667,67.68,96,100,11.14,moderate rain
196,Haines Junction,CA,60.7522,-137.5108,46.35,61,100,4.61,overcast clouds
197,Yinchuan,CN,38.4681,106.2731,58.21,24,100,3.83,overcast clouds
198,Okha,RU,53.5739,142.9478,30.81,94,100,19.98,light snow
199,Qiongshan,CN,20.0058,110.3542,76.98,100,40,4.47,scattered clouds
200,Rongcheng,CN,30.634,117.8517,50.16,94,100,5.06,overcast clouds
201,North Platte,US,41.1239,-100.7654,82.29,32,0,3.0,clear sky
202,Rio Grande,BR,-32.035,-52.0986,59.11,82,48,10.87,scattered clouds
203,Pisco,PE,-13.7,-76.2167,68.05,83,98,6.91,mist
204,Fomboni,KM,-12.28,43.7425,81.82,70,63,21.77,broken clouds
205,Swan River,CA,52.1058,-101.2676,55.29,44,42,8.05,scattered clouds
206,Guerrero Negro,MX,27.9769,-114.0611,64.94,60,1,21.99,clear sky
207,Lompoc,US,34.6391,-120.4579,73.56,62,0,28.99,clear sky
208,Asheboro,US,35.7079,-79.8136,73.02,36,40,4.61,scattered clouds
209,Trairi,BR,-3.2778,-39.2689,76.84,91,42,7.02,scattered clouds
210,Pacific Grove,US,36.6177,-121.9166,66.87,68,0,18.41,clear sky
211,Porto Novo,BJ,6.4965,2.6036,80.42,77,70,3.42,broken clouds
212,Guangshui,CN,31.6199,113.9978,49.64,93,100,7.2,overcast clouds
213,Lekoni,GA,-1.5843,14.2591,73.44,89,98,1.36,moderate rain
214,North Bend,US,43.4065,-124.2243,56.25,83,100,18.41,overcast clouds
215,Luanda,AO,-8.8368,13.2343,76.28,91,100,8.66,overcast clouds
216,Banska Bystrica,SK,48.5,19.5,47.86,81,77,5.5,broken clouds
217,Poum,NC,-20.2333,164.0167,73.47,86,100,15.43,overcast clouds
218,Kupino,RU,54.3663,77.2981,59.07,53,100,9.51,overcast clouds
219,Dingle,PH,10.9995,122.6711,79.59,86,100,7.61,overcast clouds
220,Renqiu,CN,38.6989,116.0936,47.97,78,6,4.5,clear sky
221,Richards Bay,ZA,-28.783,32.0377,63.41,88,0,9.98,clear sky
222,Pangkalanbuun,ID,-2.6833,111.6167,75.18,98,89,2.33,overcast clouds
223,Pindiga,NG,9.9833,10.9333,83.98,43,77,10.89,broken clouds
224,Ilulissat,GL,69.2167,-51.1,26.62,93,40,4.61,light snow
225,Vostok,RU,46.4856,135.8833,40.23,40,0,4.43,clear sky
226,Saint-Francois,FR,46.4154,3.9054,48.67,93,0,2.3,clear sky
227,Imeni Poliny Osipenko,RU,52.4201,136.4853,31.87,76,55,2.57,broken clouds
228,Namibe,AO,-15.1961,12.1522,73.45,69,21,1.79,few clouds
229,Shingu,JP,33.7333,135.9833,63.0,97,100,10.49,overcast clouds
230,Lowestoft,GB,52.4752,1.7516,47.23,80,100,10.16,overcast clouds
231,Emerald,AU,-23.5333,148.1667,69.94,83,0,10.36,clear sky
232,Lorengau,PG,-2.0226,147.2712,83.95,68,100,1.63,overcast clouds
233,Ust-Tarka,RU,55.5672,75.705,59.0,49,100,10.8,overcast clouds
234,Nouadhibou,MR,20.931,-17.0347,64.38,82,5,16.11,clear sky
235,Ixtapa,MX,20.7,-105.2,79.83,78,0,14.97,clear sky
236,Saint George,US,37.1041,-113.5841,84.63,6,0,21.85,clear sky
237,Gonbad-E Qabus,IR,37.25,55.1672,62.29,76,78,3.42,broken clouds
238,Gorele,TR,41.0308,39.0031,54.25,91,89,5.28,overcast clouds
239,Nan,TH,18.8333,100.6667,78.13,72,96,1.36,overcast clouds
240,Saldanha,ZA,-33.0117,17.9442,59.05,92,24,14.92,few clouds
241,Meulaboh,ID,4.1363,96.1285,77.2,89,81,3.74,broken clouds
242,Moerai,PF,-22.4333,-151.3333,80.04,73,2,19.86,clear sky
243,Klaksvik,FO,62.2266,-6.589,41.92,82,11,3.42,few clouds
244,Bagalkot,IN,16.1833,75.7,87.04,54,93,7.58,overcast clouds
245,Kieta,PG,-6.2167,155.6333,85.12,63,90,3.91,overcast clouds
246,Verkhniye Sergi,RU,56.6469,59.5556,35.11,79,97,9.24,overcast clouds
247,West Memphis,US,35.1465,-90.1845,79.48,54,58,4.03,broken clouds
248,Khatanga,RU,71.9667,102.5,14.45,93,99,6.98,overcast clouds
249,Krasnogvardeyets,RU,52.6804,52.3635,43.21,75,18,7.45,few clouds
250,Port Lincoln,AU,-34.7333,135.8667,63.27,81,99,11.39,overcast clouds
251,Oktyabrskiy,RU,54.4815,53.471,36.21,80,33,4.63,scattered clouds
252,Yenagoa,NG,4.9247,6.2642,77.14,92,99,2.89,overcast clouds
253,Anadyr,RU,64.75,177.4833,32.5,74,0,6.71,clear sky
254,Cockburn Town,TC,21.4612,-71.1419,75.18,59,27,11.56,scattered clouds
255,Taseyevo,RU,57.2169,94.8978,43.43,83,97,4.5,overcast clouds
256,Opuwo,NA,-18.0607,13.84,73.74,37,68,2.91,broken clouds
257,Freetown,SL,8.484,-13.2299,80.06,87,100,6.08,overcast clouds
258,Port Elizabeth,ZA,-33.918,25.5701,59.31,79,0,1.99,clear sky
259,Manaure,CO,11.7751,-72.4445,82.8,70,99,14.94,overcast clouds
260,Yara,CU,20.2753,-76.9533,78.57,53,44,6.89,light rain
261,Angoche,MZ,-16.2325,39.9086,74.35,74,12,11.61,few clouds
262,Antofagasta,CL,-23.65,-70.4,61.88,85,99,2.68,overcast clouds
263,Buraydah,SA,26.326,43.975,72.05,54,29,7.09,scattered clouds
264,Araouane,ML,18.9048,-3.5265,78.04,10,0,3.89,clear sky
265,Gouyave,GD,12.1646,-61.7296,79.57,94,75,21.85,broken clouds
266,Cabedelo,BR,-6.9811,-34.8339,77.67,82,54,11.54,broken clouds
267,Benjamin Constant,BR,-4.3831,-70.0311,80.73,83,75,6.91,thunderstorm
268,Honiara,SB,-9.4333,159.95,85.39,67,97,2.95,overcast clouds
269,Saskylakh,RU,71.9167,114.0833,23.38,91,100,11.52,overcast clouds
270,Severo-Kurilsk,RU,50.6789,156.125,34.47,92,100,14.29,overcast clouds
271,Mackenzie,CA,55.2999,-123.1698,48.42,46,20,6.91,few clouds
272,Codrington,AU,-38.2667,141.9667,65.32,67,90,15.01,overcast clouds
273,Inuvik,CA,68.3499,-133.7218,21.96,63,75,8.05,broken clouds
274,Norman Wells,CA,65.282,-126.8329,39.24,56,75,12.66,broken clouds
275,Bizhbulyak,RU,53.6967,54.2642,38.41,82,17,9.64,few clouds
276,Tromso,NO,69.6496,18.957,28.42,80,100,8.05,light snow
277,Santo Antonio Do Ica,BR,-3.1022,-67.9397,75.94,95,98,2.15,overcast clouds
278,Abu Samrah,SY,35.3029,37.1841,67.14,49,20,5.26,few clouds
279,Johnstown,US,40.3267,-78.922,53.53,31,0,16.11,clear sky
280,Oistins,BB,13.0667,-59.5333,80.69,83,40,14.97,scattered clouds
281,Gigmoto,PH,13.7796,124.39,81.46,84,75,9.22,broken clouds
282,Waipawa,NZ,-41.4122,175.5153,55.92,59,70,6.11,broken clouds
283,Emba,KZ,48.8264,58.1442,55.47,37,3,4.23,clear sky
284,Sitka,US,57.0531,-135.33,49.89,62,20,8.05,few clouds
285,Iquique,CL,-20.2208,-70.1431,64.44,80,96,2.06,overcast clouds
286,Shevchenkove,UA,49.6959,37.1735,49.1,69,94,6.06,overcast clouds
287,Campbell River,CA,50.0163,-125.2446,51.46,66,75,3.44,broken clouds
288,Berlevag,NO,70.8578,29.0864,24.8,63,75,29.93,broken clouds
289,Beberibe,BR,-4.1797,-38.1306,78.06,86,74,8.79,broken clouds
290,Havre-Saint-Pierre,CA,50.2334,-63.5986,35.96,93,100,14.97,overcast clouds
291,Grand Gaube,MU,-20.0064,57.6608,74.37,82,2,10.2,clear sky
292,Longyearbyen,SJ,78.2186,15.6401,6.64,61,20,21.85,few clouds
293,Christchurch,NZ,-43.5333,172.6333,60.42,82,78,2.3,broken clouds
294,Huainan,CN,32.6264,116.9969,48.02,85,38,6.35,scattered clouds
295,Naumburg,DE,51.15,11.8167,49.93,85,27,1.05,scattered clouds
296,Zhangye,CN,38.9342,100.4517,49.71,22,100,16.67,overcast clouds
297,College,US,64.8569,-147.8028,54.09,42,40,6.91,scattered clouds
298,Lavrentiya,RU,65.5833,-171.0,30.45,89,66,10.25,broken clouds
299,Kruisfontein,ZA,-34.0033,24.7314,58.44,59,12,3.87,few clouds
300,Yuzhno-Kurilsk,RU,44.0306,145.8556,43.16,58,100,10.54,overcast clouds
301,Todos Santos,MX,23.45,-110.2167,69.44,77,2,9.71,clear sky
302,Salalah,OM,17.0151,54.0924,84.29,79,75,3.44,broken clouds
303,Kaeo,NZ,-35.1,173.7833,62.33,95,8,10.76,clear sky
304,Hvide Sande,DK,56.0045,8.1294,45.09,76,23,18.86,few clouds
305,San Marcos,US,33.1434,-117.1661,70.84,61,75,9.22,broken clouds
306,Margate,GB,51.3813,1.3862,48.31,79,100,5.99,overcast clouds
307,Kununurra,AU,-15.7667,128.7333,76.98,94,91,0.0,overcast clouds
308,Saint Anthony,US,45.0205,-93.218,51.64,59,100,17.27,overcast clouds
309,Nelson Bay,AU,-32.7167,152.15,68.09,94,33,3.42,scattered clouds
310,Izhma,RU,65.0083,53.9113,23.63,81,4,6.85,clear sky
311,Katsuura,JP,35.1333,140.3,63.09,84,100,13.31,overcast clouds
312,Bac Lieu,VN,9.285,105.7244,81.97,77,99,3.4,overcast clouds
313,Lanxi,CN,29.2195,119.477,59.68,93,100,3.69,overcast clouds
314,Kandrian,PG,-6.2167,149.55,82.02,78,91,3.15,light rain
315,Ilheus,BR,-14.7889,-39.0494,82.22,78,40,6.91,scattered clouds
316,Mulege,MX,26.8833,-111.9833,84.69,29,11,6.96,few clouds
317,Vaxjo,SE,56.8777,14.8091,42.85,87,0,2.3,clear sky
318,Suphan Buri,TH,14.4742,100.1222,79.2,82,100,2.71,overcast clouds
319,Kuching,MY,1.55,110.3333,75.42,100,20,0.0,few clouds
320,Clyde River,CA,70.4692,-68.5914,5.23,85,75,8.05,broken clouds
321,Severo-Yeniseyskiy,RU,60.3725,93.0408,38.08,95,100,6.76,overcast clouds
322,Hohhot,CN,40.8106,111.6522,44.89,76,0,4.47,clear sky
323,Kokopo,PG,-4.352,152.2633,83.17,64,100,2.62,overcast clouds
324,Ust-Koksa,RU,50.2696,85.6108,37.27,78,10,0.94,clear sky
325,Nanortalik,GL,60.1432,-45.2371,38.75,82,97,4.41,overcast clouds
326,Pedasi,PA,7.5333,-80.0333,80.06,77,100,11.43,overcast clouds
327,Hofn,IS,64.2539,-15.2082,45.5,68,8,8.9,clear sky
328,Flin Flon,CA,54.7682,-101.865,48.04,49,40,8.05,scattered clouds
329,Royan,FR,45.6285,-1.0281,54.82,83,4,6.85,clear sky
330,Partur,IN,19.6,76.2167,87.6,24,1,7.18,clear sky
331,Ponerihouen,NC,-21.0833,165.4,71.11,89,100,17.81,overcast clouds
332,Mokhsogollokh,RU,61.4681,128.9203,27.25,81,29,6.53,scattered clouds
333,Obera,AR,-27.4871,-55.1199,68.04,95,57,5.57,broken clouds
334,Utete,TZ,-7.986,38.758,72.03,92,60,2.73,broken clouds
335,Moron,AR,-34.6534,-58.6198,56.95,34,0,4.61,clear sky
336,Mahebourg,MU,-20.4081,57.7,74.25,94,20,6.91,few clouds
337,Mar Del Plata,AR,-38.0023,-57.5575,48.87,85,20,13.0,few clouds
338,Mecca,SA,21.4267,39.8261,82.22,44,0,4.05,clear sky
339,Labuhan,ID,-6.8844,112.2051,78.87,88,79,4.09,broken clouds
340,Tikrit,IQ,34.6071,43.6782,75.83,39,94,2.19,overcast clouds
341,Melton,AU,-37.6833,144.5833,66.49,82,58,10.94,broken clouds
342,Deming,US,32.2687,-107.7586,84.09,7,0,21.85,haze
343,Khao Yoi,TH,13.2403,99.8243,80.98,82,100,1.77,overcast clouds
344,Bud,US,39.447,-86.1758,61.75,67,100,6.44,light rain
345,Kudahuvadhoo,MV,2.6708,72.8944,84.0,73,81,7.9,broken clouds
346,Iwanai,JP,42.9744,140.5089,48.85,59,100,5.73,overcast clouds
347,Weyburn,CA,49.6668,-103.8511,59.22,36,66,10.36,broken clouds
348,Hovd,MN,48.0056,91.6419,37.96,33,0,1.48,clear sky
349,Comodoro Rivadavia,AR,-45.8667,-67.5,44.46,42,0,4.61,clear sky
350,Yuncheng,CN,35.0231,110.9928,50.99,79,49,2.66,scattered clouds
351,Tegh,AM,39.5579,46.4772,50.27,77,21,6.64,few clouds
352,Moyale,KE,3.5167,39.0584,64.56,91,77,1.86,broken clouds
353,Vila Franca Do Campo,PT,37.7167,-25.4333,64.2,96,100,26.89,moderate rain
354,Japura,ID,-0.3167,102.35,74.32,98,100,1.45,overcast clouds
355,Vardo,NO,70.3705,31.1107,23.83,72,99,23.64,light snow
356,Seoul,KR,37.5683,126.9778,51.4,85,100,5.75,light rain
357,Sao Gabriel Da Cachoeira,BR,-0.1303,-67.0892,75.24,97,99,1.7,overcast clouds
358,Mountain Home,US,43.133,-115.6912,51.28,66,100,31.07,light rain
359,Balsas,BR,-7.5325,-46.0356,79.23,66,89,1.83,overcast clouds
360,Linhares,BR,-19.3911,-40.0722,71.31,88,2,3.02,clear sky
361,Mogzon,RU,51.7435,111.9606,32.11,49,67,9.46,broken clouds
362,Kloulklubed,PW,7.0419,134.2556,73.9,76,100,6.33,heavy intensity rain
363,Ishinomaki,JP,38.4167,141.3,51.8,57,82,9.62,broken clouds
364,Xian,CN,34.2583,108.9286,50.81,77,26,0.94,scattered clouds
365,Turukhansk,RU,65.8167,87.9833,33.57,98,100,7.23,light snow
366,Englehart,CA,47.8169,-79.8664,50.02,25,0,9.22,clear sky
367,Khash,IR,28.2211,61.2158,67.93,42,6,2.42,clear sky
368,Fairbanks,US,64.8378,-147.7164,54.09,41,0,6.91,clear sky
369,Port Blair,IN,11.6667,92.75,78.84,94,40,1.14,mist
370,Barcelos,PT,41.5388,-8.6151,63.84,77,38,4.88,scattered clouds
371,Ponta Delgada,PT,37.7333,-25.6667,64.51,88,75,25.32,broken clouds
372,Kyra,RU,49.5776,111.9753,29.98,60,13,13.6,few clouds
373,Igrim,RU,63.1906,64.4162,26.38,96,100,10.07,light snow
374,Talisay,PH,10.2447,123.8494,82.42,78,75,5.75,broken clouds
375,Faya,SA,18.3851,42.4509,60.91,58,0,6.4,clear sky
376,Coquimbo,CL,-29.9533,-71.3436,62.33,72,0,10.36,clear sky
377,Mehamn,NO,71.0357,27.8492,24.75,63,75,24.16,broken clouds
378,Zhanaozen,KZ,43.3,52.8,69.33,38,9,8.37,clear sky
379,Kupang,ID,-10.1667,123.5833,77.92,83,47,6.06,scattered clouds
380,Srednekolymsk,RU,67.45,153.6833,18.36,86,96,7.02,overcast clouds
381,Inirida,CO,3.8653,-67.9239,76.59,93,86,1.68,light rain
382,Suez,EG,29.9737,32.5263,67.26,37,26,8.21,scattered clouds
383,Harper,LR,4.375,-7.7169,79.84,81,92,1.01,overcast clouds
384,Cherskiy,RU,68.75,161.3,18.52,91,100,10.92,overcast clouds
385,Belaya Gora,RU,68.5333,146.4167,12.79,86,80,2.77,broken clouds
386,Lubartow,PL,51.4603,22.6095,47.46,88,27,4.12,scattered clouds
387,Lishui,CN,28.4604,119.9103,61.7,95,100,5.53,overcast clouds
388,Gushikawa,JP,26.3544,127.8686,78.8,88,75,14.97,light intensity drizzle
389,Isangel,VU,-19.55,169.2667,75.52,86,100,17.63,overcast clouds
390,Kaiyuan,CN,23.6977,103.3037,64.87,80,28,2.48,scattered clouds
391,Chumikan,RU,54.7183,135.315,34.63,56,70,11.99,broken clouds
392,Khani,GE,41.9563,42.9566,42.37,93,100,3.94,overcast clouds
393,Raduzhnyy,RU,62.0961,77.475,37.69,100,100,5.64,overcast clouds
394,Trinec,CZ,49.6776,18.6708,45.05,81,53,1.92,broken clouds
395,Carauari,BR,-4.8828,-66.8958,75.96,93,99,2.04,overcast clouds
396,Malanje,AO,-9.5402,16.341,64.8,96,98,2.06,light rain
397,Henderson,US,36.0397,-114.9819,86.83,10,0,21.85,clear sky
398,Rong Kwang,TH,18.339,100.3174,82.44,77,98,1.88,light rain
399,Shaoxing,CN,30.011,120.5715,55.35,93,100,7.78,overcast clouds
400,Doha,QA,25.2867,51.5333,80.58,55,68,12.66,broken clouds
401,Kalmunai,LK,7.4167,81.8167,79.54,86,86,4.99,overcast clouds
402,Vilcun,CL,-38.65,-72.2333,45.34,90,25,3.62,scattered clouds
403,Ozernovskiy,RU,51.5,156.5167,33.42,92,99,6.08,overcast clouds
404,Yiyang,CN,28.5892,112.3283,50.9,90,100,8.77,overcast clouds
405,Tomatlan,MX,19.9333,-105.25,89.78,34,46,11.7,scattered clouds
406,Wamba,NG,8.9333,8.6,80.2,61,84,3.27,broken clouds
407,Floro,NO,61.5996,5.0328,42.76,70,100,0.0,overcast clouds
408,Buka,UZ,40.8108,69.1986,69.1,32,100,1.54,overcast clouds
409,Aguimes,ES,27.9054,-15.4461,63.23,63,75,21.0,broken clouds
410,Rawson,AR,-43.3002,-65.1023,47.71,32,63,10.25,broken clouds
411,Eatonton,US,33.3268,-83.3885,76.57,37,14,6.53,few clouds
412,Iringa,TZ,-7.7667,35.7,58.5,85,68,6.78,broken clouds
413,Ilhabela,BR,-23.7781,-45.3581,78.33,75,40,3.74,scattered clouds
414,Billings,US,45.7833,-108.5007,59.29,43,100,10.36,overcast clouds
415,Karabuk,TR,41.2049,32.6277,55.69,88,76,0.45,broken clouds
416,Vila Velha,BR,-20.3297,-40.2925,80.55,88,0,8.05,clear sky
417,Ler,SS,8.3018,30.1418,79.57,64,77,5.59,broken clouds
418,Kiunga,PG,-6.1219,141.2906,77.95,90,96,2.01,overcast clouds
419,Hanko,FI,59.8333,22.95,33.15,77,11,16.64,few clouds
420,Maragogi,BR,-9.0122,-35.2225,77.2,83,100,10.0,overcast clouds
421,Katobu,ID,-4.9408,122.5276,77.13,91,70,1.95,broken clouds
422,Harindanga,IN,22.0383,88.3214,79.75,92,10,8.08,clear sky
423,Soroti,UG,1.7146,33.6111,62.87,96,100,2.68,overcast clouds
424,Buala,SB,-8.145,159.5921,84.42,73,95,5.35,overcast clouds
425,Praia Da Vitoria,PT,38.7333,-27.0667,61.75,100,75,25.19,moderate rain
426,El Alto,PE,-4.2714,-81.2147,73.06,80,96,12.17,overcast clouds
427,Loudi,CN,27.7344,111.9944,54.28,83,81,6.15,light rain
428,Caravelas,BR,-17.7125,-39.2481,75.51,84,0,4.5,clear sky
429,Padang,ID,-0.9492,100.3543,77.4,87,100,3.83,overcast clouds
430,Talara,PE,-4.5772,-81.2719,75.96,64,0,16.11,clear sky
431,Mount Gambier,AU,-37.8333,140.7667,62.51,77,100,9.22,overcast clouds
432,San Cristobal,VE,7.7669,-72.225,73.58,87,90,1.41,overcast clouds
433,Jacqueville,CI,5.2052,-4.4146,79.47,82,100,9.19,overcast clouds
434,Camana,PE,-16.6228,-72.7111,67.46,80,97,4.65,overcast clouds
435,Chippewa Falls,US,44.9369,-91.3929,51.98,53,100,16.11,overcast clouds
436,Hamilton,US,39.1834,-84.5333,62.89,48,0,8.05,clear sky
437,Tevaitoa,PF,-16.7833,-151.5,82.22,70,4,22.68,clear sky
438,Zavyalovo,RU,54.5053,82.4484,52.2,65,88,14.18,light rain
439,Alofi,NU,-19.0595,-169.9187,80.49,89,75,17.27,light intensity shower rain
440,Dunedin,NZ,-45.8742,170.5036,54.07,72,1,1.36,clear sky
441,Yamada,JP,39.4667,141.95,50.2,46,100,5.3,overcast clouds
442,Kotido,UG,2.9806,34.1331,64.98,90,96,5.59,overcast clouds
443,Grants Pass,US,42.439,-123.3284,59.02,58,100,3.0,overcast clouds
444,Tevriz,RU,57.509,72.4042,57.94,57,100,9.22,overcast clouds
445,Hervey Bay,AU,-25.2986,152.8535,74.01,86,29,5.99,scattered clouds
446,Belmonte,BR,-15.8631,-38.8828,76.91,84,3,6.8,clear sky
447,Tutoia,BR,-2.7619,-42.2744,77.85,90,87,7.99,overcast clouds
448,Nizhniy Ufaley,RU,55.9153,59.9842,35.69,84,25,8.3,scattered clouds
449,Casas Grandes,MX,30.3667,-107.95,83.44,5,0,23.49,clear sky
450,Skjervoy,NO,70.0311,20.9714,31.46,65,100,29.68,snow
451,Hami,CN,42.8,93.45,53.56,23,70,12.19,broken clouds
452,Decatur,US,39.8403,-88.9548,60.87,72,100,14.97,overcast clouds
453,Bernay,FR,49.1667,0.6667,52.92,84,91,1.99,overcast clouds
454,Mindyak,RU,54.0231,58.7891,48.2,91,86,2.71,overcast clouds
455,Antibes,FR,43.5624,7.1278,64.15,57,0,9.22,clear sky
456,Los Llanos De Aridane,ES,28.6585,-17.9182,62.35,91,75,10.36,broken clouds
457,Zheleznodorozhnyy,RU,55.7503,38.0042,37.22,87,100,3.2,overcast clouds
458,Kailua,US,21.4022,-157.7394,84.18,66,20,11.5,few clouds
459,Aklavik,CA,68.2191,-135.0107,19.4,68,40,4.61,scattered clouds
460,Lesnoy,RU,57.6198,63.0784,37.98,74,66,12.1,broken clouds
461,La Jagua Del Pilar,CO,10.5102,-73.071,79.68,87,100,6.8,overcast clouds
462,Mahibadhoo,MV,3.7833,72.9667,84.61,73,100,8.55,overcast clouds
463,Vanderhoof,CA,54.0166,-124.0198,53.96,25,83,4.56,broken clouds
464,Namatanai,PG,-3.6667,152.4333,84.51,66,100,5.53,overcast clouds
465,Santa Maria,BR,-29.6842,-53.8069,60.1,100,40,1.14,scattered clouds
466,Boden,SE,65.8252,21.6886,28.4,88,3,3.04,clear sky
467,Laguna,US,38.421,-121.4238,75.06,33,0,5.75,clear sky
468,Souillac,MU,-20.5167,57.5167,71.98,94,20,6.91,few clouds
469,Mujiayingzi,CN,42.1167,118.7833,48.72,39,23,7.56,few clouds
470,Paamiut,GL,61.994,-49.6678,35.31,95,100,8.52,overcast clouds
471,Okegawa,JP,36.0,139.5572,62.78,51,70,6.17,broken clouds
472,Le Port,RE,-20.9373,55.2919,76.96,72,58,8.88,broken clouds
473,Lugovoy,KZ,42.9472,72.7644,54.01,47,96,5.73,overcast clouds
474,Kalengwa,ZM,-13.4659,25.0027,55.8,92,6,4.9,clear sky
475,Ballina,AU,-28.8667,153.5667,69.76,96,74,5.75,broken clouds
476,Tanout,NE,14.9709,8.8879,85.64,14,65,11.52,broken clouds
477,Kyakhta,RU,50.3508,106.4494,33.4,38,13,3.98,few clouds
478,Koumac,NC,-20.5667,164.2833,72.46,88,100,8.43,overcast clouds
479,Mingguang,CN,32.7802,117.9638,48.99,85,33,7.67,scattered clouds
480,Vigrestad,NO,58.5667,5.7,43.97,87,67,13.51,broken clouds
481,Vanavara,RU,60.34,102.2797,37.78,95,92,8.5,light rain
482,Sinnamary,GF,5.3833,-52.95,78.4,85,67,11.01,broken clouds
483,Horsham,GB,51.064,-0.3272,49.71,79,0,8.05,clear sky
484,Tifton,US,31.4505,-83.5085,78.76,29,0,6.91,clear sky
485,Riviere-Au-Renard,CA,48.9957,-64.3971,34.09,99,100,18.72,snow
486,Sundby,DK,54.864,11.793,44.02,85,60,11.07,broken clouds
487,Gizo,SB,-8.103,156.8419,84.11,71,96,3.89,overcast clouds
488,Guna,IN,24.65,77.3167,85.75,17,4,10.6,clear sky
489,Paihia,NZ,-35.2822,174.0912,62.33,95,6,9.69,clear sky
490,Paredon,MX,16.0333,-93.8667,89.28,51,15,5.06,few clouds
491,Sokolo,ML,14.7328,-6.1219,89.17,16,14,6.17,few clouds
492,Luang Prabang,LA,19.8856,102.1347,76.15,75,90,1.21,overcast clouds
493,Xiaoweizhai,CN,26.1903,107.5125,60.26,95,88,5.14,overcast clouds
494,Chara,RU,56.9064,118.2631,25.48,67,63,2.66,broken clouds
495,Sabang,ID,5.8933,95.3214,83.57,73,90,8.16,overcast clouds
496,Tazovskiy,RU,67.4667,78.7,17.38,91,100,6.62,overcast clouds
497,Prescott,US,34.54,-112.4685,74.95,16,0,17.27,smoke
498,Dapaong,TG,10.8639,0.205,86.63,45,93,5.01,overcast clouds
499,Lata,PT,40.1629,-8.3327,59.07,85,52,3.09,broken clouds
500,Ixhuatan,MX,16.3569,-94.4825,95.95,38,18,2.8,few clouds
501,Eirunepe,BR,-6.6603,-69.8736,77.2,86,30,1.05,scattered clouds
502,Choix,MX,26.7092,-108.3219,96.82,9,0,10.42,clear sky
503,Ikire,NG,7.35,4.1833,74.53,95,80,2.39,broken clouds
504,Roald,NO,62.5833,6.1333,45.75,87,75,6.91,broken clouds
505,Kovdor,RU,67.5662,30.4758,20.07,92,99,5.66,overcast clouds
506,Thunder Bay,CA,48.4001,-89.3168,40.98,38,75,17.27,broken clouds
507,Khorramshahr,IR,30.4397,48.1664,82.36,42,40,4.61,scattered clouds
508,Manokwari,ID,-0.8667,134.0833,80.87,70,96,1.92,overcast clouds
509,Jumla,NP,29.2747,82.1838,50.52,52,7,4.25,clear sky
510,Touros,BR,-5.1989,-35.4608,79.47,83,80,12.28,broken clouds
511,Oranjemund,NA,-28.55,16.4333,55.51,92,0,2.82,clear sky
512,Bourail,NC,-21.5667,165.4833,69.53,91,100,6.53,moderate rain
513,Kapoeta,SS,4.7717,33.5903,73.74,70,97,4.9,overcast clouds
514,Trinidad,BO,-14.8333,-64.9,89.58,66,20,3.44,few clouds
515,Castelo Do Piaui,BR,-5.3222,-41.5525,76.17,84,99,3.36,overcast clouds
516,Edd,ER,13.9297,41.6925,85.57,74,58,8.28,broken clouds
517,Luau,AO,-10.7073,22.2247,62.71,86,18,4.25,few clouds
518,Ust-Nera,RU,64.5667,143.2,15.06,85,99,5.79,overcast clouds
519,Erenhot,CN,43.6475,111.9767,40.41,49,100,20.4,overcast clouds
520,Pevek,RU,69.7008,170.3133,24.76,98,100,7.76,overcast clouds
521,Fort-Shevchenko,KZ,44.5086,50.263,65.39,56,23,11.77,few clouds
522,Tiksi,RU,71.6872,128.8694,11.3,90,37,5.99,scattered clouds
523,Revere,US,42.4084,-71.012,52.23,32,75,20.71,broken clouds
524,Pochutla,MX,15.7432,-96.4661,88.83,54,60,7.05,broken clouds
525,Nioro,GM,13.35,-15.75,84.24,31,1,11.23,clear sky
526,Denpasar,ID,-8.65,115.2167,78.46,94,20,2.3,few clouds
527,Avarua,CK,-21.2078,-159.775,84.25,65,20,17.27,few clouds
528,Bongandanga,CD,1.5,21.05,69.22,98,67,1.01,broken clouds
529,Jablah,SY,35.3614,35.9256,59.29,88,0,3.44,clear sky
530,Suicheng,CN,33.8963,117.9331,49.33,86,70,5.08,broken clouds
531,Aldan,RU,58.6031,125.3894,25.75,85,99,3.91,light snow
532,Tateyama,JP,34.9833,139.8667,61.11,82,95,13.18,overcast clouds
533,Hualmay,PE,-11.0964,-77.6139,67.01,88,90,7.14,overcast clouds
534,Camacha,PT,33.0833,-16.3333,58.42,77,40,11.5,scattered clouds
535,Mattru,SL,7.6244,-11.8332,73.87,92,84,7.94,heavy intensity rain
536,Kasempa,ZM,-13.4584,25.8338,56.01,93,6,5.1,clear sky
537,Wainwright,CA,52.839,-110.8572,50.97,39,81,5.37,broken clouds
538,Murray Bridge,AU,-35.1167,139.2667,66.13,66,100,5.82,moderate rain
539,Albacete,ES,38.8333,-2.0,48.18,93,0,2.3,clear sky
540,Zhaozhou,CN,45.6833,125.3167,48.97,26,29,6.58,scattered clouds
541,Deep River,CA,46.1001,-77.4995,49.75,40,2,9.31,clear sky
542,Kyshtovka,RU,56.555,76.6271,58.93,53,100,10.67,overcast clouds
543,Belgrade,RS,44.804,20.4651,49.66,92,46,6.91,scattered clouds
544,Itarema,BR,-2.9248,-39.9167,77.34,89,72,8.95,broken clouds
545,Itoman,JP,26.1247,127.6694,79.57,91,75,12.66,broken clouds
546,Wajima,JP,37.4,136.9,54.72,67,100,21.79,overcast clouds
547,Loveland,US,40.3978,-105.075,79.75,17,0,8.05,clear sky
548,Otradnoye,RU,59.7775,30.8181,37.87,60,100,8.61,overcast clouds
549,Krylovskaya,RU,46.3194,39.9711,58.23,50,96,12.41,overcast clouds
550,Muhos,FI,64.808,25.9931,26.38,87,34,2.75,scattered clouds
551,Balkanabat,TM,39.5108,54.3671,70.39,49,4,5.88,clear sky
552,Amapa,BR,1.0,-52.0,73.22,98,100,2.86,light rain
553,Trebinje,BA,42.7119,18.3442,61.16,36,0,29.93,clear sky
554,Tomobe,JP,36.35,140.3,58.8,68,72,5.08,broken clouds
555,Bay Roberts,CA,47.5999,-53.2648,39.65,89,98,3.0,overcast clouds
556,Inta,RU,66.0317,60.1659,23.54,76,21,11.14,few clouds
557,Port Hawkesbury,CA,45.6169,-61.3485,43.81,94,100,10.36,overcast clouds
558,Korla,CN,41.7597,86.1469,50.58,57,85,6.93,overcast clouds
559,Mayor Pablo Lagerenza,PY,-19.9309,-60.7718,75.56,72,73,8.16,broken clouds
560,Rupert,US,42.6191,-113.6772,58.95,38,75,4.61,broken clouds
561,Palana,RU,59.1167,159.9667,33.73,76,11,20.54,few clouds
562,Maceio,BR,-9.6658,-35.7353,78.24,83,40,3.44,scattered clouds
563,Muskogee,US,35.5834,-95.3336,73.35,68,100,10.36,overcast clouds
564,Pryazha,RU,61.6926,33.6216,31.24,78,100,5.95,overcast clouds
565,Santana,BR,-0.0583,-51.1817,75.38,100,100,5.75,moderate rain
566,Pesqueira,BR,-8.3578,-36.6964,68.18,95,88,10.56,overcast clouds
567,Bahia Honda,CU,22.9036,-83.1592,79.32,58,34,11.39,scattered clouds
568,Jizan,SA,17.3333,42.6667,86.94,61,2,2.86,clear sky
569,Bucak,TR,37.4592,30.595,54.12,70,64,4.79,broken clouds
570,Pokhara,NP,28.2333,83.9833,72.66,35,0,6.29,clear sky
571,Kolo,PL,52.2002,18.6387,46.53,81,57,2.86,broken clouds
572,Kahului,US,20.8947,-156.47,87.82,45,40,18.41,scattered clouds
573,Galesong,ID,-5.3166,119.3661,77.02,79,89,4.25,overcast clouds
574,Silifke,TR,36.3778,33.9344,67.08,37,0,4.52,clear sky
575,Beyneu,KZ,45.3167,55.2,65.71,32,17,9.75,few clouds
576,Giulianova,IT,42.7612,13.9537,56.86,86,0,9.66,clear sky
577,Esil,KZ,51.9556,66.4042,58.69,50,100,7.27,overcast clouds
578,Kaoma,ZM,-14.7833,24.8,57.72,91,49,5.68,scattered clouds
579,Sisimiut,GL,66.9395,-53.6735,25.07,96,100,3.0,light snow
580,Were Ilu,ET,10.6,39.4333,52.39,81,67,2.08,broken clouds
581,Takoradi,GH,4.8845,-1.7554,78.66,82,100,7.0,overcast clouds
582,Ust-Uda,RU,54.1742,103.0304,36.9,79,99,2.62,overcast clouds
583,Ancud,CL,-41.8697,-73.8203,45.52,79,63,2.64,broken clouds
584,Sakakah,SA,29.9697,40.2064,67.57,53,46,6.82,scattered clouds
585,Kangaatsiaq,GL,68.3065,-53.4641,25.54,84,100,2.17,overcast clouds
586,Churapcha,RU,62.0025,132.4325,25.61,86,74,7.29,broken clouds
587,Marica,BR,-22.9194,-42.8186,82.35,73,5,4.12,clear sky
588,Skovorodino,RU,53.9833,123.9167,35.28,44,100,6.69,overcast clouds
589,Neiafu,TO,-18.65,-173.9833,83.08,78,75,13.8,light rain
590,Husavik,IS,66.0449,-17.3389,42.51,67,17,4.07,few clouds
591,Rafraf,TN,37.1904,10.1837,59.32,79,100,8.32,overcast clouds
592,Taoudenni,ML,22.6783,-3.9836,85.53,10,0,7.38,clear sky
593,Beringovskiy,RU,63.05,179.3167,22.75,90,91,13.42,overcast clouds
594,Urumqi,CN,43.801,87.6005,49.15,50,0,6.71,clear sky
595,Gohana,IN,29.1333,76.7,87.73,15,55,8.05,broken clouds
596,Raymond Terrace,AU,-32.75,151.75,69.1,100,75,5.75,broken clouds
597,Svetlogorsk,BY,52.6333,29.7333,37.85,78,37,3.36,scattered clouds
598,Batagay,RU,67.6333,134.6333,16.05,88,72,0.56,broken clouds
599,Gawler,AU,-34.6,138.7333,67.24,84,100,4.76,light rain
600,Asau,RO,46.4333,26.4,49.28,100,100,5.44,overcast clouds
601,Cullera,ES,39.1667,-0.25,59.77,85,79,4.9,broken clouds
602,Sur,OM,22.5667,59.5289,87.3,43,89,8.37,overcast clouds
603,Ginda,IN,30.6945,78.4932,61.7,30,43,8.66,scattered clouds
604,Coihaique,CL,-45.5752,-72.0662,39.81,70,40,3.44,scattered clouds
605,Aksu,CN,41.1231,80.2644,53.67,52,5,7.52,clear sky
606,Palamos,ES,41.8484,3.1291,57.99,42,8,5.86,clear sky
607,Port Hardy,CA,50.6996,-127.4199,51.8,71,75,4.61,broken clouds
608,El Tigre,VE,8.8875,-64.2454,82.18,66,58,9.15,broken clouds
609,Tiarei,PF,-17.5333,-149.3333,86.02,75,37,22.53,light rain
610,Ibbenburen,DE,52.2667,7.7333,45.66,80,0,6.91,clear sky
611,Cairns,AU,-16.9167,145.7667,80.11,82,40,10.36,scattered clouds
612,Barao De Melgaco,BR,-16.1944,-55.9675,81.91,43,56,3.36,broken clouds
613,Filadelfia,US,39.9523,-75.1638,57.45,19,0,24.16,clear sky
614,Bayir,TR,37.2687,28.2167,48.72,58,37,2.06,scattered clouds
615,Jyvaskyla,FI,62.2415,25.7209,30.54,88,0,9.22,clear sky
616,Naron,ES,43.5167,-8.1528,57.6,94,13,6.22,few clouds
617,Basco,PH,20.4487,121.9702,82.69,85,4,19.51,clear sky
618,Badin,PK,24.656,68.8384,83.01,65,0,13.44,clear sky
619,Muli,MV,2.9167,73.5667,84.34,73,76,7.83,broken clouds
620,Lebedinyy,RU,58.5167,125.5167,24.06,89,100,5.08,light snow
621,Makakilo City,US,21.3469,-158.0858,82.72,53,20,16.11,few clouds
622,Karratha,AU,-20.7377,116.8463,71.78,84,100,13.11,light rain
623,Arkadelphia,US,34.1209,-93.0538,82.17,35,0,5.75,clear sky
624,Pandan,PH,14.0453,124.1694,80.78,86,57,10.42,broken clouds
625,Beinamar,TD,8.6698,15.3813,79.36,57,47,3.06,light rain
626,Kirishi,RU,59.4471,32.0205,30.52,67,96,5.23,overcast clouds
627,Martapura,ID,-3.4167,114.85,77.09,100,75,3.44,moderate rain
628,Zyryanka,RU,65.75,150.85,17.91,90,100,12.35,overcast clouds
629,Novotroitsk,RU,51.203,58.3266,56.1,59,30,5.06,scattered clouds
630,Sarangani,PH,5.4033,125.4636,82.49,78,98,15.97,overcast clouds
631,Mana,GF,5.6592,-53.7767,78.37,86,74,10.18,broken clouds
632,Khandbari,NP,27.3747,87.2039,68.05,62,4,4.09,clear sky
633,Aljezur,PT,37.3191,-8.8033,56.05,88,2,7.23,clear sky
634,Belz,FR,47.6751,-3.168,54.21,82,35,3.0,scattered clouds
635,Prince Rupert,CA,54.3161,-130.3201,50.09,71,0,13.8,clear sky
636,Hermagor,AT,46.6272,13.3672,46.33,84,29,3.98,scattered clouds
637,Port Keats,AU,-14.25,129.55,82.08,76,79,1.48,broken clouds
638,Zhigansk,RU,66.7697,123.3711,17.42,96,62,9.8,broken clouds
639,Pahrump,US,36.2083,-115.9839,80.51,8,0,8.99,clear sky
640,Clearwater,US,27.9659,-82.8001,83.91,64,0,10.36,clear sky
641,Westport,US,41.1415,-73.3579,55.94,22,0,17.27,clear sky
642,Mabaruma,GY,8.2,-59.7833,76.78,87,98,4.92,overcast clouds
643,Sambava,MG,-14.2667,50.1667,74.8,85,25,12.73,scattered clouds
644,El Dorado,US,38.7666,-120.5177,60.28,44,1,1.01,clear sky
645,Half Moon Bay,US,37.4636,-122.4286,65.28,62,0,31.07,clear sky
646,Ranfurly,NZ,-45.1333,170.1,53.08,64,0,2.15,clear sky
647,Dauphin,CA,51.1494,-100.0502,41.14,70,0,10.36,clear sky
648,Horki,BY,54.2861,30.9842,33.94,65,8,2.66,clear sky
649,Paka,MY,4.6374,103.4368,75.13,94,78,0.0,broken clouds
650,Shepsi,RU,44.0361,39.1489,56.91,93,94,2.42,overcast clouds
651,Lazaro Cardenas,MX,17.9583,-102.2,85.08,52,1,13.49,clear sky
652,Mytishchi,RU,55.9089,37.7339,37.17,86,96,2.77,overcast clouds
653,Vilyuysk,RU,63.7553,121.6247,29.43,85,68,2.82,broken clouds
654,Coolidge,US,32.9778,-111.5176,92.26,4,0,17.27,clear sky
655,Jacareacanga,BR,-6.2222,-57.7528,75.58,94,97,1.3,overcast clouds
656,Brewster,US,41.3973,-73.6171,53.28,30,3,3.0,clear sky
657,Alice Springs,AU,-23.7,133.8833,72.95,38,25,3.44,scattered clouds
658,Qorveh,IR,35.1664,47.8045,50.25,69,99,4.29,overcast clouds
659,Chiang Mai,TH,18.75,99.0,82.89,69,75,5.75,broken clouds
660,Chanute,US,37.6792,-95.4572,72.45,56,100,12.66,overcast clouds
661,Izumo,JP,35.3667,132.7667,57.15,88,75,19.57,light intensity shower rain
662,Kedougou,SN,12.5579,-12.1743,91.99,23,37,2.42,scattered clouds
663,Necochea,AR,-38.5473,-58.7368,51.19,55,90,14.65,overcast clouds
664,Saint-Ambroise,CA,48.5501,-71.3324,46.71,23,68,17.27,broken clouds
665,Santo Domingo,DO,18.5001,-69.9886,82.08,67,40,6.91,scattered clouds
666,Elizabeth City,US,36.2946,-76.2511,62.62,35,0,6.46,clear sky
667,Itaporanga,BR,-7.3044,-38.1503,77.67,69,85,5.93,overcast clouds
668,Gandai,IN,21.6667,81.1,87.69,15,36,6.89,scattered clouds
669,Ketchikan,US,55.3422,-131.6461,54.07,50,0,11.5,clear sky
670,Trat,TH,12.5,102.5,80.91,91,97,0.96,overcast clouds
671,Weymouth,US,42.2209,-70.9398,52.02,36,75,20.71,broken clouds
672,Flinders,AU,-34.5833,150.8552,69.39,82,1,4.29,clear sky
673,Ocampo,MX,21.65,-101.5,78.26,14,43,13.38,scattered clouds
674,Conceicao Da Barra,BR,-18.5933,-39.7322,74.23,83,0,4.29,clear sky
675,Kapuskasing,CA,49.4169,-82.4331,51.89,17,0,8.05,clear sky
676,Varsag,RO,46.5167,25.35,42.4,97,100,2.77,overcast clouds
677,Arenapolis,BR,-14.4503,-56.8461,81.46,49,74,1.88,broken clouds
678,Edmonton,CA,53.5501,-113.4687,55.0,40,20,9.22,few clouds
679,Kimbe,PG,-5.5502,150.1429,84.27,73,90,1.61,overcast clouds
680,Masallatah,LY,32.6167,14.0,59.0,91,92,9.69,overcast clouds
681,Juneau,US,58.3019,-134.4197,48.85,77,58,3.2,broken clouds
682,Adrar,MR,20.5022,-10.0711,76.95,11,0,7.52,clear sky
683,Ellensburg,US,46.9965,-120.5479,60.24,43,97,11.99,overcast clouds
684,Samorin,SK,48.0302,17.3097,48.22,64,0,9.22,clear sky
685,Hay River,CA,60.8156,-115.7999,37.36,65,20,6.91,few clouds
686,Seddon,AU,-37.8068,144.8916,69.26,81,75,17.27,broken clouds
687,General Pico,AR,-35.6566,-63.7568,48.54,33,18,5.7,few clouds
688,Chimore,BO,-16.9833,-65.1333,74.61,93,100,2.39,light rain
689,Springfield,US,37.2153,-93.2982,61.99,80,40,12.66,scattered clouds
690,Domoni,KM,-12.2569,44.5319,79.2,83,94,13.2,overcast clouds
691,Pangai,TO,-19.8,-174.35,80.71,69,75,21.85,broken clouds
692,Kaka,TM,37.3482,59.6143,71.2,41,5,3.24,clear sky
